S1	E1	S2	E2	Reference	Contig	IDY	Ambiguous	Best_group
1364793	1388966	116	24291	NC_016845.1_Klebsiella_pneumoniae_subsp._pneumoniae_HS11286_chromosome__complete_genome	NODE_1_length_269602_cov_16.946155	99.41		True
local misassembly
1389351	1397712	24375	32737	NC_016845.1_Klebsiella_pneumoniae_subsp._pneumoniae_HS11286_chromosome__complete_genome	NODE_1_length_269602_cov_16.946155	99.19		True
local misassembly
1397788	1412874	33522	48609	NC_016845.1_Klebsiella_pneumoniae_subsp._pneumoniae_HS11286_chromosome__complete_genome	NODE_1_length_269602_cov_16.946155	99.01		True
relocation, inconsistency = 9302
1422236	1447822	48669	74260	NC_016845.1_Klebsiella_pneumoniae_subsp._pneumoniae_HS11286_chromosome__complete_genome	NODE_1_length_269602_cov_16.946155	99.32		True
relocation, inconsistency = 1449
1449272	1451290	74261	76279	NC_016845.1_Klebsiella_pneumoniae_subsp._pneumoniae_HS11286_chromosome__complete_genome	NODE_1_length_269602_cov_16.946155	99.41		True
relocation, inconsistency = -7251
1451404	1460829	83644	93070	NC_016845.1_Klebsiella_pneumoniae_subsp._pneumoniae_HS11286_chromosome__complete_genome	NODE_1_length_269602_cov_16.946155	99.02		True
local misassembly
1461319	1477221	93071	108974	NC_016845.1_Klebsiella_pneumoniae_subsp._pneumoniae_HS11286_chromosome__complete_genome	NODE_1_length_269602_cov_16.946155	99.0		True
local misassembly
1488655	1501231	120622	133198	NC_016845.1_Klebsiella_pneumoniae_subsp._pneumoniae_HS11286_chromosome__complete_genome	NODE_1_length_269602_cov_16.946155	98.87		True
local misassembly
1501349	1518181	133199	150028	NC_016845.1_Klebsiella_pneumoniae_subsp._pneumoniae_HS11286_chromosome__complete_genome	NODE_1_length_269602_cov_16.946155	98.91		True
relocation, inconsistency = 1449
1519631	1639200	150029	269602	NC_016845.1_Klebsiella_pneumoniae_subsp._pneumoniae_HS11286_chromosome__complete_genome	NODE_1_length_269602_cov_16.946155	99.4		True
CONTIG	NODE_1_length_269602_cov_16.946155	269602	misassembled
5078880	5106819	27939	1	NC_016845.1_Klebsiella_pneumoniae_subsp._pneumoniae_HS11286_chromosome__complete_genome	NODE_2_length_232541_cov_17.652142	99.52		True
local misassembly
5078858	5078984	28128	28002	NC_016845.1_Klebsiella_pneumoniae_subsp._pneumoniae_HS11286_chromosome__complete_genome	NODE_2_length_232541_cov_17.652142	100.0		True
relocation, inconsistency = 1448
4979471	5077409	126053	28129	NC_016845.1_Klebsiella_pneumoniae_subsp._pneumoniae_HS11286_chromosome__complete_genome	NODE_2_length_232541_cov_17.652142	99.45		True
local misassembly
4979626	4979718	126146	126054	NC_016845.1_Klebsiella_pneumoniae_subsp._pneumoniae_HS11286_chromosome__complete_genome	NODE_2_length_232541_cov_17.652142	96.06		True
local misassembly
4873353	4979749	232541	126147	NC_016845.1_Klebsiella_pneumoniae_subsp._pneumoniae_HS11286_chromosome__complete_genome	NODE_2_length_232541_cov_17.652142	99.38		True
CONTIG	NODE_2_length_232541_cov_17.652142	232541	misassembled
3804474	3833346	30198	1324	NC_016845.1_Klebsiella_pneumoniae_subsp._pneumoniae_HS11286_chromosome__complete_genome	NODE_3_length_222243_cov_17.079314	99.65		True
relocation, inconsistency = -7118
3653020	3804335	188781	37455	NC_016845.1_Klebsiella_pneumoniae_subsp._pneumoniae_HS11286_chromosome__complete_genome	NODE_3_length_222243_cov_17.079314	99.5		True
local misassembly
3619681	3653098	222243	188822	NC_016845.1_Klebsiella_pneumoniae_subsp._pneumoniae_HS11286_chromosome__complete_genome	NODE_3_length_222243_cov_17.079314	99.02		True
CONTIG	NODE_3_length_222243_cov_17.079314	222243	misassembled
4436100	4458310	22210	1	NC_016845.1_Klebsiella_pneumoniae_subsp._pneumoniae_HS11286_chromosome__complete_genome	NODE_4_length_211058_cov_17.438670	99.54		True
local misassembly
4411418	4436015	47649	23055	NC_016845.1_Klebsiella_pneumoniae_subsp._pneumoniae_HS11286_chromosome__complete_genome	NODE_4_length_211058_cov_17.438670	98.99		True
local misassembly
4299268	4411416	160209	48071	NC_016845.1_Klebsiella_pneumoniae_subsp._pneumoniae_HS11286_chromosome__complete_genome	NODE_4_length_211058_cov_17.438670	99.55		True
relocation, inconsistency = -1430
4261175	4298209	199720	162698	NC_016845.1_Klebsiella_pneumoniae_subsp._pneumoniae_HS11286_chromosome__complete_genome	NODE_4_length_211058_cov_17.438670	99.08		True
local misassembly
4249709	4261043	211058	199721	NC_016845.1_Klebsiella_pneumoniae_subsp._pneumoniae_HS11286_chromosome__complete_genome	NODE_4_length_211058_cov_17.438670	99.75		True
CONTIG	NODE_4_length_211058_cov_17.438670	211058	misassembled
2244735	2280709	47254	83224	NC_016845.1_Klebsiella_pneumoniae_subsp._pneumoniae_HS11286_chromosome__complete_genome	NODE_5_length_210444_cov_16.767337	99.05		True
relocation, inconsistency = 44852
2325562	2340410	83225	98069	NC_016845.1_Klebsiella_pneumoniae_subsp._pneumoniae_HS11286_chromosome__complete_genome	NODE_5_length_210444_cov_16.767337	97.6		True
local misassembly
2341009	2342000	98070	99061	NC_016845.1_Klebsiella_pneumoniae_subsp._pneumoniae_HS11286_chromosome__complete_genome	NODE_5_length_210444_cov_16.767337	96.28		True
indel: indel (<= 5bp)
2342002	2342157	99062	99217	NC_016845.1_Klebsiella_pneumoniae_subsp._pneumoniae_HS11286_chromosome__complete_genome	NODE_5_length_210444_cov_16.767337	96.79		True
local misassembly
2342360	2395727	99420	152752	NC_016845.1_Klebsiella_pneumoniae_subsp._pneumoniae_HS11286_chromosome__complete_genome	NODE_5_length_210444_cov_16.767337	98.99		True
relocation, inconsistency = -9961
2395743	2399265	162729	166251	NC_016845.1_Klebsiella_pneumoniae_subsp._pneumoniae_HS11286_chromosome__complete_genome	NODE_5_length_210444_cov_16.767337	97.93		True
local misassembly
2399260	2443270	166410	210444	NC_016845.1_Klebsiella_pneumoniae_subsp._pneumoniae_HS11286_chromosome__complete_genome	NODE_5_length_210444_cov_16.767337	98.93		True
CONTIG	NODE_5_length_210444_cov_16.767337	210444	misassembled
3833465	4020152	3412	190098	NC_016845.1_Klebsiella_pneumoniae_subsp._pneumoniae_HS11286_chromosome__complete_genome	NODE_6_length_190098_cov_16.662501	99.43		True
CONTIG	NODE_6_length_190098_cov_16.662501	190098	correct
2067803	2116441	126	48780	NC_016845.1_Klebsiella_pneumoniae_subsp._pneumoniae_HS11286_chromosome__complete_genome	NODE_7_length_174093_cov_15.989797	99.44		True
relocation, inconsistency = 1910
2118352	2136585	48781	67015	NC_016845.1_Klebsiella_pneumoniae_subsp._pneumoniae_HS11286_chromosome__complete_genome	NODE_7_length_174093_cov_15.989797	99.41		True
relocation, inconsistency = 8938
2145567	2150020	67059	71512	NC_016845.1_Klebsiella_pneumoniae_subsp._pneumoniae_HS11286_chromosome__complete_genome	NODE_7_length_174093_cov_15.989797	99.51		True
relocation, inconsistency = 1448
2151469	2202019	71513	122070	NC_016845.1_Klebsiella_pneumoniae_subsp._pneumoniae_HS11286_chromosome__complete_genome	NODE_7_length_174093_cov_15.989797	99.53		True
relocation, inconsistency = 4946
2206971	2217526	122076	132630	NC_016845.1_Klebsiella_pneumoniae_subsp._pneumoniae_HS11286_chromosome__complete_genome	NODE_7_length_174093_cov_15.989797	99.49		True
relocation, inconsistency = -6442
2217500	2244750	139046	166299	NC_016845.1_Klebsiella_pneumoniae_subsp._pneumoniae_HS11286_chromosome__complete_genome	NODE_7_length_174093_cov_15.989797	99.61		True
relocation, inconsistency = 2917807
5169932	5170351	174093	173674	NC_016845.1_Klebsiella_pneumoniae_subsp._pneumoniae_HS11286_chromosome__complete_genome	NODE_7_length_174093_cov_15.989797	95.95		True
CONTIG	NODE_7_length_174093_cov_15.989797	174093	misassembled
1113310	1240851	127528	1	NC_016845.1_Klebsiella_pneumoniae_subsp._pneumoniae_HS11286_chromosome__complete_genome	NODE_8_length_155921_cov_17.014333	99.53		True
local misassembly
1085519	1113101	155921	128336	NC_016845.1_Klebsiella_pneumoniae_subsp._pneumoniae_HS11286_chromosome__complete_genome	NODE_8_length_155921_cov_17.014333	99.18		True
CONTIG	NODE_8_length_155921_cov_17.014333	155921	correct
4711368	4790418	79970	929	NC_016845.1_Klebsiella_pneumoniae_subsp._pneumoniae_HS11286_chromosome__complete_genome	NODE_9_length_148182_cov_16.909973	99.65		True
relocation, inconsistency = 12645
4691779	4698602	86915	80091	NC_016845.1_Klebsiella_pneumoniae_subsp._pneumoniae_HS11286_chromosome__complete_genome	NODE_9_length_148182_cov_16.909973	99.44		True
local misassembly
4691794	4691894	87017	86916	NC_016845.1_Klebsiella_pneumoniae_subsp._pneumoniae_HS11286_chromosome__complete_genome	NODE_9_length_148182_cov_16.909973	98.48		True
local misassembly
4691794	4691909	87132	87018	NC_016845.1_Klebsiella_pneumoniae_subsp._pneumoniae_HS11286_chromosome__complete_genome	NODE_9_length_148182_cov_16.909973	95.42		True
local misassembly
4631545	4691909	147490	87133	NC_016845.1_Klebsiella_pneumoniae_subsp._pneumoniae_HS11286_chromosome__complete_genome	NODE_9_length_148182_cov_16.909973	99.29		True
CONTIG	NODE_9_length_148182_cov_16.909973	148182	misassembled
693680	780369	86714	1	NC_016845.1_Klebsiella_pneumoniae_subsp._pneumoniae_HS11286_chromosome__complete_genome	NODE_10_length_142772_cov_16.613292	99.48		True
relocation, inconsistency = 5117
678544	688439	96734	86838	NC_016845.1_Klebsiella_pneumoniae_subsp._pneumoniae_HS11286_chromosome__complete_genome	NODE_10_length_142772_cov_16.613292	98.03		True
relocation, inconsistency = -7859
678431	678550	104706	104587	NC_016845.1_Klebsiella_pneumoniae_subsp._pneumoniae_HS11286_chromosome__complete_genome	NODE_10_length_142772_cov_16.613292	98.33		True
local misassembly
646661	678342	137041	105340	NC_016845.1_Klebsiella_pneumoniae_subsp._pneumoniae_HS11286_chromosome__complete_genome	NODE_10_length_142772_cov_16.613292	98.76		True
CONTIG	NODE_10_length_142772_cov_16.613292	142772	misassembled
1763494	1769204	5710	1	NC_016845.1_Klebsiella_pneumoniae_subsp._pneumoniae_HS11286_chromosome__complete_genome	NODE_11_length_136894_cov_16.659669	99.53		True
local misassembly
1763086	1763163	5839	5762	NC_016845.1_Klebsiella_pneumoniae_subsp._pneumoniae_HS11286_chromosome__complete_genome	NODE_11_length_136894_cov_16.659669	98.72		True
local misassembly
1743615	1763169	25471	5918	NC_016845.1_Klebsiella_pneumoniae_subsp._pneumoniae_HS11286_chromosome__complete_genome	NODE_11_length_136894_cov_16.659669	99.38		True
local misassembly
1674251	1743237	94372	25472	NC_016845.1_Klebsiella_pneumoniae_subsp._pneumoniae_HS11286_chromosome__complete_genome	NODE_11_length_136894_cov_16.659669	99.21		True
relocation, inconsistency = -7472
1639265	1674251	136894	101844	NC_016845.1_Klebsiella_pneumoniae_subsp._pneumoniae_HS11286_chromosome__complete_genome	NODE_11_length_136894_cov_16.659669	98.84		True
CONTIG	NODE_11_length_136894_cov_16.659669	136894	misassembled
2618434	2626680	8256	1	NC_016845.1_Klebsiella_pneumoniae_subsp._pneumoniae_HS11286_chromosome__complete_genome	NODE_12_length_136291_cov_16.348514	98.68		True
local misassembly
2596003	2618537	30808	8275	NC_016845.1_Klebsiella_pneumoniae_subsp._pneumoniae_HS11286_chromosome__complete_genome	NODE_12_length_136291_cov_16.348514	99.06		True
local misassembly
2579941	2595354	46223	30809	NC_016845.1_Klebsiella_pneumoniae_subsp._pneumoniae_HS11286_chromosome__complete_genome	NODE_12_length_136291_cov_16.348514	99.39		True
relocation, inconsistency = 1397
2561969	2576041	62797	48726	NC_016845.1_Klebsiella_pneumoniae_subsp._pneumoniae_HS11286_chromosome__complete_genome	NODE_12_length_136291_cov_16.348514	97.62		True
relocation, inconsistency = 1661
2498977	2560307	124143	62798	NC_016845.1_Klebsiella_pneumoniae_subsp._pneumoniae_HS11286_chromosome__complete_genome	NODE_12_length_136291_cov_16.348514	99.36		True
relocation, inconsistency = -2235
2489065	2498919	136291	126436	NC_016845.1_Klebsiella_pneumoniae_subsp._pneumoniae_HS11286_chromosome__complete_genome	NODE_12_length_136291_cov_16.348514	99.5		True
CONTIG	NODE_12_length_136291_cov_16.348514	136291	misassembled
2764818	2777221	12405	1	NC_016845.1_Klebsiella_pneumoniae_subsp._pneumoniae_HS11286_chromosome__complete_genome	NODE_13_length_135315_cov_15.771821	99.24		True
local misassembly
2709719	2764818	67803	12627	NC_016845.1_Klebsiella_pneumoniae_subsp._pneumoniae_HS11286_chromosome__complete_genome	NODE_13_length_135315_cov_15.771821	98.63		True
relocation, inconsistency = -1292
2699928	2709249	78886	69565	NC_016845.1_Klebsiella_pneumoniae_subsp._pneumoniae_HS11286_chromosome__complete_genome	NODE_13_length_135315_cov_15.771821	97.98		True
relocation, inconsistency = 15779
2682344	2684103	80691	78932	NC_016845.1_Klebsiella_pneumoniae_subsp._pneumoniae_HS11286_chromosome__complete_genome	NODE_13_length_135315_cov_15.771821	99.32		True
relocation, inconsistency = 2559
2668115	2679784	92364	80692	NC_016845.1_Klebsiella_pneumoniae_subsp._pneumoniae_HS11286_chromosome__complete_genome	NODE_13_length_135315_cov_15.771821	99.21		True
relocation, inconsistency = -1510
2626669	2667783	135315	94206	NC_016845.1_Klebsiella_pneumoniae_subsp._pneumoniae_HS11286_chromosome__complete_genome	NODE_13_length_135315_cov_15.771821	99.33		True
CONTIG	NODE_13_length_135315_cov_15.771821	135315	misassembled
2905495	2944428	6	38943	NC_016845.1_Klebsiella_pneumoniae_subsp._pneumoniae_HS11286_chromosome__complete_genome	NODE_14_length_133839_cov_16.301940	99.4		True
local misassembly
2944327	2957018	38944	51637	NC_016845.1_Klebsiella_pneumoniae_subsp._pneumoniae_HS11286_chromosome__complete_genome	NODE_14_length_133839_cov_16.301940	99.36		True
relocation, inconsistency = 1149
2958168	2978257	51638	71728	NC_016845.1_Klebsiella_pneumoniae_subsp._pneumoniae_HS11286_chromosome__complete_genome	NODE_14_length_133839_cov_16.301940	99.02		True
local misassembly
2978372	3015892	71729	109270	NC_016845.1_Klebsiella_pneumoniae_subsp._pneumoniae_HS11286_chromosome__complete_genome	NODE_14_length_133839_cov_16.301940	98.8		True
relocation, inconsistency = -5215
3016631	3035243	115224	133839	NC_016845.1_Klebsiella_pneumoniae_subsp._pneumoniae_HS11286_chromosome__complete_genome	NODE_14_length_133839_cov_16.301940	99.26		True
CONTIG	NODE_14_length_133839_cov_16.301940	133839	misassembled
549888	563832	13952	1	NC_016845.1_Klebsiella_pneumoniae_subsp._pneumoniae_HS11286_chromosome__complete_genome	NODE_15_length_129793_cov_17.755418	99.03		True
local misassembly
547274	549695	16374	13953	NC_016845.1_Klebsiella_pneumoniae_subsp._pneumoniae_HS11286_chromosome__complete_genome	NODE_15_length_129793_cov_17.755418	99.34		True
relocation, inconsistency = 5945
511729	541252	46041	16451	NC_016845.1_Klebsiella_pneumoniae_subsp._pneumoniae_HS11286_chromosome__complete_genome	NODE_15_length_129793_cov_17.755418	99.0		True
local misassembly
475977	511217	81283	46042	NC_016845.1_Klebsiella_pneumoniae_subsp._pneumoniae_HS11286_chromosome__complete_genome	NODE_15_length_129793_cov_17.755418	99.4		True
relocation, inconsistency = -1300
446761	474942	111800	83618	NC_016845.1_Klebsiella_pneumoniae_subsp._pneumoniae_HS11286_chromosome__complete_genome	NODE_15_length_129793_cov_17.755418	99.58		True
local misassembly
428624	446616	129793	111801	NC_016845.1_Klebsiella_pneumoniae_subsp._pneumoniae_HS11286_chromosome__complete_genome	NODE_15_length_129793_cov_17.755418	99.13		True
CONTIG	NODE_15_length_129793_cov_17.755418	129793	misassembled
791082	792618	1	1537	NC_016845.1_Klebsiella_pneumoniae_subsp._pneumoniae_HS11286_chromosome__complete_genome	NODE_16_length_112591_cov_17.743127	98.89		True
local misassembly
792628	902463	1689	111457	NC_016845.1_Klebsiella_pneumoniae_subsp._pneumoniae_HS11286_chromosome__complete_genome	NODE_16_length_112591_cov_17.743127	99.51		True
relocation, inconsistency = 2540
905081	906137	111535	112591	NC_016845.1_Klebsiella_pneumoniae_subsp._pneumoniae_HS11286_chromosome__complete_genome	NODE_16_length_112591_cov_17.743127	99.43		True
CONTIG	NODE_16_length_112591_cov_17.743127	112591	misassembled
2785773	2787860	1	2088	NC_016845.1_Klebsiella_pneumoniae_subsp._pneumoniae_HS11286_chromosome__complete_genome	NODE_17_length_109651_cov_16.524104	99.04		True
relocation, inconsistency = 7881
2795742	2857506	2089	63860	NC_016845.1_Klebsiella_pneumoniae_subsp._pneumoniae_HS11286_chromosome__complete_genome	NODE_17_length_109651_cov_16.524104	99.18		True
local misassembly
2857982	2903758	63861	109651	NC_016845.1_Klebsiella_pneumoniae_subsp._pneumoniae_HS11286_chromosome__complete_genome	NODE_17_length_109651_cov_16.524104	98.94		True
CONTIG	NODE_17_length_109651_cov_16.524104	109651	misassembled
4061445	4070478	947	9982	NC_016845.1_Klebsiella_pneumoniae_subsp._pneumoniae_HS11286_chromosome__complete_genome	NODE_18_length_109392_cov_17.352794	95.72		True
relocation, inconsistency = 475863
4561927	4631625	95271	25568	NC_016845.1_Klebsiella_pneumoniae_subsp._pneumoniae_HS11286_chromosome__complete_genome	NODE_18_length_109392_cov_17.352794	99.49		True
relocation, inconsistency = 59096
4488710	4502830	109392	95272	NC_016845.1_Klebsiella_pneumoniae_subsp._pneumoniae_HS11286_chromosome__complete_genome	NODE_18_length_109392_cov_17.352794	99.46		True
CONTIG	NODE_18_length_109392_cov_17.352794	109392	misassembled
1808597	1905900	97350	1	NC_016845.1_Klebsiella_pneumoniae_subsp._pneumoniae_HS11286_chromosome__complete_genome	NODE_19_length_105998_cov_16.889082	99.54		True
relocation, inconsistency = 30300
1769649	1778296	105998	97351	NC_016845.1_Klebsiella_pneumoniae_subsp._pneumoniae_HS11286_chromosome__complete_genome	NODE_19_length_105998_cov_16.889082	99.38		True
CONTIG	NODE_19_length_105998_cov_16.889082	105998	misassembled
5170353	5210359	41588	1583	NC_016845.1_Klebsiella_pneumoniae_subsp._pneumoniae_HS11286_chromosome__complete_genome	NODE_20_length_103275_cov_16.998061	99.37		True
local misassembly
5152788	5169575	58375	41589	NC_016845.1_Klebsiella_pneumoniae_subsp._pneumoniae_HS11286_chromosome__complete_genome	NODE_20_length_103275_cov_16.998061	99.53		True
relocation, inconsistency = 1066
5106824	5151721	103275	58376	NC_016845.1_Klebsiella_pneumoniae_subsp._pneumoniae_HS11286_chromosome__complete_genome	NODE_20_length_103275_cov_16.998061	99.34		True
CONTIG	NODE_20_length_103275_cov_16.998061	103275	misassembled
3256714	3289510	1	32796	NC_016845.1_Klebsiella_pneumoniae_subsp._pneumoniae_HS11286_chromosome__complete_genome	NODE_21_length_101082_cov_17.282245	99.08		True
relocation, inconsistency = 1023
3290623	3358831	32886	101082	NC_016845.1_Klebsiella_pneumoniae_subsp._pneumoniae_HS11286_chromosome__complete_genome	NODE_21_length_101082_cov_17.282245	99.45		True
CONTIG	NODE_21_length_101082_cov_17.282245	101082	misassembled
21168	120805	99658	1	NC_016845.1_Klebsiella_pneumoniae_subsp._pneumoniae_HS11286_chromosome__complete_genome	NODE_22_length_100240_cov_17.343302	99.16		True
CONTIG	NODE_22_length_100240_cov_17.343302	100240	correct
5210340	5249457	18	39133	NC_016845.1_Klebsiella_pneumoniae_subsp._pneumoniae_HS11286_chromosome__complete_genome	NODE_23_length_95359_cov_16.923545	99.12		True
local misassembly
5249657	5304162	39148	93593	NC_016845.1_Klebsiella_pneumoniae_subsp._pneumoniae_HS11286_chromosome__complete_genome	NODE_23_length_95359_cov_16.923545	98.83		True
CONTIG	NODE_23_length_95359_cov_16.923545	95359	correct
1999060	1999433	375	2	NC_016845.1_Klebsiella_pneumoniae_subsp._pneumoniae_HS11286_chromosome__complete_genome	NODE_24_length_95285_cov_16.676801	98.66		True
relocation, inconsistency = -1609
1975094	1998690	25963	2354	NC_016845.1_Klebsiella_pneumoniae_subsp._pneumoniae_HS11286_chromosome__complete_genome	NODE_24_length_95285_cov_16.676801	99.36		True
local misassembly
1905917	1975287	95285	25964	NC_016845.1_Klebsiella_pneumoniae_subsp._pneumoniae_HS11286_chromosome__complete_genome	NODE_24_length_95285_cov_16.676801	99.42		True
CONTIG	NODE_24_length_95285_cov_16.676801	95285	misassembled
906207	941064	1	34857	NC_016845.1_Klebsiella_pneumoniae_subsp._pneumoniae_HS11286_chromosome__complete_genome	NODE_25_length_94442_cov_18.048423	99.5		True
relocation, inconsistency = 1448
942513	1002091	34858	94442	NC_016845.1_Klebsiella_pneumoniae_subsp._pneumoniae_HS11286_chromosome__complete_genome	NODE_25_length_94442_cov_18.048423	99.55		True
CONTIG	NODE_25_length_94442_cov_18.048423	94442	misassembled
4220063	4226087	6025	1	NC_016845.1_Klebsiella_pneumoniae_subsp._pneumoniae_HS11286_chromosome__complete_genome	NODE_26_length_87496_cov_16.641704	99.39		True
relocation, inconsistency = -14583
4153172	4219983	87496	20688	NC_016845.1_Klebsiella_pneumoniae_subsp._pneumoniae_HS11286_chromosome__complete_genome	NODE_26_length_87496_cov_16.641704	99.44		True
CONTIG	NODE_26_length_87496_cov_16.641704	87496	misassembled
262609	349958	87353	1	NC_016845.1_Klebsiella_pneumoniae_subsp._pneumoniae_HS11286_chromosome__complete_genome	NODE_27_length_87393_cov_15.621502	99.51		True
CONTIG	NODE_27_length_87393_cov_15.621502	87393	correct
125585	212475	1	86822	NC_016845.1_Klebsiella_pneumoniae_subsp._pneumoniae_HS11286_chromosome__complete_genome	NODE_28_length_86822_cov_17.287975	99.24		True
CONTIG	NODE_28_length_86822_cov_17.287975	86822	correct
1240902	1264138	1	23232	NC_016845.1_Klebsiella_pneumoniae_subsp._pneumoniae_HS11286_chromosome__complete_genome	NODE_29_length_73851_cov_17.228596	99.47		True
local misassembly
1264320	1288313	23388	47385	NC_016845.1_Klebsiella_pneumoniae_subsp._pneumoniae_HS11286_chromosome__complete_genome	NODE_29_length_73851_cov_17.228596	99.42		True
relocation, inconsistency = 50403
1338717	1364963	47386	73653	NC_016845.1_Klebsiella_pneumoniae_subsp._pneumoniae_HS11286_chromosome__complete_genome	NODE_29_length_73851_cov_17.228596	99.29		True
local misassembly
1364834	1364963	73664	73793	NC_016845.1_Klebsiella_pneumoniae_subsp._pneumoniae_HS11286_chromosome__complete_genome	NODE_29_length_73851_cov_17.228596	97.69		True
CONTIG	NODE_29_length_73851_cov_17.228596	73851	misassembled
1999314	2052464	1	53160	NC_016845.1_Klebsiella_pneumoniae_subsp._pneumoniae_HS11286_chromosome__complete_genome	NODE_30_length_73796_cov_16.389920	99.53		True
relocation, inconsistency = 1661
2054126	2065889	53161	64924	NC_016845.1_Klebsiella_pneumoniae_subsp._pneumoniae_HS11286_chromosome__complete_genome	NODE_30_length_73796_cov_16.389920	99.01		True
relocation, inconsistency = 2384711
4458446	4459472	73796	72770	NC_016845.1_Klebsiella_pneumoniae_subsp._pneumoniae_HS11286_chromosome__complete_genome	NODE_30_length_73796_cov_16.389920	98.93		True
CONTIG	NODE_30_length_73796_cov_16.389920	73796	misassembled
3190594	3247482	56891	1	NC_016845.1_Klebsiella_pneumoniae_subsp._pneumoniae_HS11286_chromosome__complete_genome	NODE_31_length_67967_cov_16.668676	99.39		True
local misassembly
3179337	3190415	67967	56892	NC_016845.1_Klebsiella_pneumoniae_subsp._pneumoniae_HS11286_chromosome__complete_genome	NODE_31_length_67967_cov_16.668676	99.43		True
CONTIG	NODE_31_length_67967_cov_16.668676	67967	correct
1030775	1062587	44247	12421	NC_016845.1_Klebsiella_pneumoniae_subsp._pneumoniae_HS11286_chromosome__complete_genome	NODE_32_length_67828_cov_15.475311	99.52		True
local misassembly
1007104	1030684	67828	44248	NC_016845.1_Klebsiella_pneumoniae_subsp._pneumoniae_HS11286_chromosome__complete_genome	NODE_32_length_67828_cov_15.475311	99.6		True
CONTIG	NODE_32_length_67828_cov_15.475311	67828	correct
3119302	3179195	59893	1	NC_016845.1_Klebsiella_pneumoniae_subsp._pneumoniae_HS11286_chromosome__complete_genome	NODE_33_length_67760_cov_15.974095	99.46		True
relocation, inconsistency = 1136
3117287	3117986	60776	60073	NC_016845.1_Klebsiella_pneumoniae_subsp._pneumoniae_HS11286_chromosome__complete_genome	NODE_33_length_67760_cov_15.974095	97.74		True
relocation, inconsistency = 1661
3108642	3115625	67760	60777	NC_016845.1_Klebsiella_pneumoniae_subsp._pneumoniae_HS11286_chromosome__complete_genome	NODE_33_length_67760_cov_15.974095	99.58		True
CONTIG	NODE_33_length_67760_cov_15.974095	67760	misassembled
3042879	3108660	65791	1	NC_016845.1_Klebsiella_pneumoniae_subsp._pneumoniae_HS11286_chromosome__complete_genome	NODE_34_length_65791_cov_17.229167	99.15		True
CONTIG	NODE_34_length_65791_cov_17.229167	65791	correct
3401208	3426735	1	25532	NC_016845.1_Klebsiella_pneumoniae_subsp._pneumoniae_HS11286_chromosome__complete_genome	NODE_35_length_63699_cov_15.406547	99.54		True
CONTIG	NODE_35_length_63699_cov_15.406547	63699	correct_unaligned
4034284	4049888	1	15605	NC_016845.1_Klebsiella_pneumoniae_subsp._pneumoniae_HS11286_chromosome__complete_genome	NODE_36_length_62788_cov_15.944910	98.53		True
relocation, inconsistency = 35343
4085232	4090348	15606	20722	NC_016845.1_Klebsiella_pneumoniae_subsp._pneumoniae_HS11286_chromosome__complete_genome	NODE_36_length_62788_cov_15.944910	99.79		True
relocation, inconsistency = 1661
4092010	4098640	20723	27353	NC_016845.1_Klebsiella_pneumoniae_subsp._pneumoniae_HS11286_chromosome__complete_genome	NODE_36_length_62788_cov_15.944910	99.25		True
relocation, inconsistency = -27650
4098791	4106294	55154	62658	NC_016845.1_Klebsiella_pneumoniae_subsp._pneumoniae_HS11286_chromosome__complete_genome	NODE_36_length_62788_cov_15.944910	99.33		True
CONTIG	NODE_36_length_62788_cov_15.944910	62788	misassembled
3527132	3546190	19056	1	NC_016845.1_Klebsiella_pneumoniae_subsp._pneumoniae_HS11286_chromosome__complete_genome	NODE_37_length_56886_cov_15.654733	98.82		True
relocation, inconsistency = 1910
3495689	3525221	48592	19057	NC_016845.1_Klebsiella_pneumoniae_subsp._pneumoniae_HS11286_chromosome__complete_genome	NODE_37_length_56886_cov_15.654733	99.13		True
relocation, inconsistency = 62149
3429806	3433539	52326	48593	NC_016845.1_Klebsiella_pneumoniae_subsp._pneumoniae_HS11286_chromosome__complete_genome	NODE_37_length_56886_cov_15.654733	99.09		True
local misassembly
3429075	3429764	53408	52719	NC_016845.1_Klebsiella_pneumoniae_subsp._pneumoniae_HS11286_chromosome__complete_genome	NODE_37_length_56886_cov_15.654733	99.28		True
local misassembly
3426672	3428239	54976	53409	NC_016845.1_Klebsiella_pneumoniae_subsp._pneumoniae_HS11286_chromosome__complete_genome	NODE_37_length_56886_cov_15.654733	99.3		True
CONTIG	NODE_37_length_56886_cov_15.654733	56886	misassembled
1	16072	16072	1	NC_016845.1_Klebsiella_pneumoniae_subsp._pneumoniae_HS11286_chromosome__complete_genome	NODE_38_length_47247_cov_17.139198	99.69		True
fake: not a misassembly [linear representation of circular genome]
5304177	5333942	45849	16073	NC_016845.1_Klebsiella_pneumoniae_subsp._pneumoniae_HS11286_chromosome__complete_genome	NODE_38_length_47247_cov_17.139198	99.66		True
CONTIG	NODE_38_length_47247_cov_17.139198	47247	correct
4106663	4129564	246	23146	NC_016845.1_Klebsiella_pneumoniae_subsp._pneumoniae_HS11286_chromosome__complete_genome	NODE_39_length_47151_cov_17.306886	99.58		True
local misassembly
4129486	4138503	23295	32311	NC_016845.1_Klebsiella_pneumoniae_subsp._pneumoniae_HS11286_chromosome__complete_genome	NODE_39_length_47151_cov_17.306886	99.57		True
local misassembly
4138442	4153183	32402	47151	NC_016845.1_Klebsiella_pneumoniae_subsp._pneumoniae_HS11286_chromosome__complete_genome	NODE_39_length_47151_cov_17.306886	99.06		True
CONTIG	NODE_39_length_47151_cov_17.306886	47151	correct
3584262	3619675	35411	1	NC_016845.1_Klebsiella_pneumoniae_subsp._pneumoniae_HS11286_chromosome__complete_genome	NODE_40_length_46146_cov_16.144592	98.94		True
local misassembly
3579751	3584393	40122	35482	NC_016845.1_Klebsiella_pneumoniae_subsp._pneumoniae_HS11286_chromosome__complete_genome	NODE_40_length_46146_cov_16.144592	96.71		True
CONTIG	NODE_40_length_46146_cov_16.144592	46146	correct
3358823	3401226	42406	1	NC_016845.1_Klebsiella_pneumoniae_subsp._pneumoniae_HS11286_chromosome__complete_genome	NODE_41_length_42406_cov_16.679013	99.55		True
CONTIG	NODE_41_length_42406_cov_16.679013	42406	correct
2449168	2483588	1	34435	NC_016845.1_Klebsiella_pneumoniae_subsp._pneumoniae_HS11286_chromosome__complete_genome	NODE_42_length_40327_cov_16.948831	99.16		True
local misassembly
2483152	2489043	34436	40327	NC_016845.1_Klebsiella_pneumoniae_subsp._pneumoniae_HS11286_chromosome__complete_genome	NODE_42_length_40327_cov_16.948831	98.78		True
CONTIG	NODE_42_length_40327_cov_16.948831	40327	correct
4790436	4819167	4664	33395	NC_016845.1_Klebsiella_pneumoniae_subsp._pneumoniae_HS11286_chromosome__complete_genome	NODE_43_length_40056_cov_16.321821	99.64		True
relocation, inconsistency = 15995
4835163	4841051	33396	39284	NC_016845.1_Klebsiella_pneumoniae_subsp._pneumoniae_HS11286_chromosome__complete_genome	NODE_43_length_40056_cov_16.321821	98.73		True
local misassembly
4841220	4841642	39634	40056	NC_016845.1_Klebsiella_pneumoniae_subsp._pneumoniae_HS11286_chromosome__complete_genome	NODE_43_length_40056_cov_16.321821	99.53		True
CONTIG	NODE_43_length_40056_cov_16.321821	40056	misassembled
95908	103316	23323	15915	NC_016846.1_Klebsiella_pneumoniae_subsp._pneumoniae_HS11286_plasmid_pKPHS2__complete_sequence	NODE_44_length_36094_cov_12.603386	99.76		True
relocation, inconsistency = 3387
79749	92520	36094	23324	NC_016846.1_Klebsiella_pneumoniae_subsp._pneumoniae_HS11286_plasmid_pKPHS2__complete_sequence	NODE_44_length_36094_cov_12.603386	99.84		True
CONTIG	NODE_44_length_36094_cov_12.603386	36094	misassembled
44444	55977	11570	3	NC_016846.1_Klebsiella_pneumoniae_subsp._pneumoniae_HS11286_plasmid_pKPHS2__complete_sequence	NODE_45_length_31002_cov_11.687935	98.29		True
unknown
5169584	5170170	12337	11751	NC_016845.1_Klebsiella_pneumoniae_subsp._pneumoniae_HS11286_chromosome__complete_genome	NODE_45_length_31002_cov_11.687935	95.23		True
unknown
CONTIG	NODE_45_length_31002_cov_11.687935	31002	mis_unaligned
362581	392069	281	29769	NC_016845.1_Klebsiella_pneumoniae_subsp._pneumoniae_HS11286_chromosome__complete_genome	NODE_46_length_29769_cov_17.797180	99.45		True
CONTIG	NODE_46_length_29769_cov_17.797180	29769	correct
3248018	3248139	28074	28195	NC_016845.1_Klebsiella_pneumoniae_subsp._pneumoniae_HS11286_chromosome__complete_genome	NODE_47_length_28195_cov_17.794784	100.0		True
CONTIG	NODE_47_length_28195_cov_17.794784	28195	correct_unaligned
403199	404821	1	1623	NC_016845.1_Klebsiella_pneumoniae_subsp._pneumoniae_HS11286_chromosome__complete_genome	NODE_48_length_28084_cov_13.698573	99.38		True
relocation, inconsistency = -2725
404734	404838	4261	4365	NC_016845.1_Klebsiella_pneumoniae_subsp._pneumoniae_HS11286_chromosome__complete_genome	NODE_48_length_28084_cov_13.698573	95.24		True
local misassembly
404692	418678	4466	18451	NC_016845.1_Klebsiella_pneumoniae_subsp._pneumoniae_HS11286_chromosome__complete_genome	NODE_48_length_28084_cov_13.698573	99.4		True
CONTIG	NODE_48_length_28084_cov_13.698573	28084	misassembled
4846529	4873038	26511	1	NC_016845.1_Klebsiella_pneumoniae_subsp._pneumoniae_HS11286_chromosome__complete_genome	NODE_49_length_26511_cov_17.234384	99.65		True
CONTIG	NODE_49_length_26511_cov_17.234384	26511	correct
2296018	2296295	24258	23981	NC_016845.1_Klebsiella_pneumoniae_subsp._pneumoniae_HS11286_chromosome__complete_genome	NODE_50_length_24437_cov_39.733690	98.2		True
unknown
2296115	2296294	24437	24258	NC_016845.1_Klebsiella_pneumoniae_subsp._pneumoniae_HS11286_chromosome__complete_genome	NODE_50_length_24437_cov_39.733690	98.89		True
unknown
CONTIG	NODE_50_length_24437_cov_39.733690	24437	mis_unaligned
4226079	4249718	1	23640	NC_016845.1_Klebsiella_pneumoniae_subsp._pneumoniae_HS11286_chromosome__complete_genome	NODE_51_length_23640_cov_19.092970	99.72		True
CONTIG	NODE_51_length_23640_cov_19.092970	23640	correct
603645	627120	1	23437	NC_016845.1_Klebsiella_pneumoniae_subsp._pneumoniae_HS11286_chromosome__complete_genome	NODE_52_length_23437_cov_17.435264	98.03		True
CONTIG	NODE_52_length_23437_cov_17.435264	23437	correct
57833	78176	1928	22271	NC_016846.1_Klebsiella_pneumoniae_subsp._pneumoniae_HS11286_plasmid_pKPHS2__complete_sequence	NODE_53_length_22271_cov_10.711705	99.65		True
CONTIG	NODE_53_length_22271_cov_10.711705	22271	correct
581578	581788	21981	21771	NC_016845.1_Klebsiella_pneumoniae_subsp._pneumoniae_HS11286_chromosome__complete_genome	NODE_54_length_22041_cov_13.446016	99.53		True
CONTIG	NODE_54_length_22041_cov_13.446016	22041	correct_unaligned
235765	257517	21755	1	NC_016845.1_Klebsiella_pneumoniae_subsp._pneumoniae_HS11286_chromosome__complete_genome	NODE_55_length_21755_cov_16.042445	99.53		True
CONTIG	NODE_55_length_21755_cov_16.042445	21755	correct
564044	581366	17333	10	NC_016845.1_Klebsiella_pneumoniae_subsp._pneumoniae_HS11286_chromosome__complete_genome	NODE_56_length_17665_cov_20.421200	98.31		True
local misassembly
563828	564162	17665	17334	NC_016845.1_Klebsiella_pneumoniae_subsp._pneumoniae_HS11286_chromosome__complete_genome	NODE_56_length_17665_cov_20.421200	95.64		True
CONTIG	NODE_56_length_17665_cov_20.421200	17665	correct
632140	646629	1	14476	NC_016845.1_Klebsiella_pneumoniae_subsp._pneumoniae_HS11286_chromosome__complete_genome	NODE_57_length_16207_cov_16.536692	98.61		True
CONTIG	NODE_57_length_16207_cov_16.536692	16207	correct
CONTIG	NODE_58_length_16065_cov_43.152340	16065	unaligned
4459346	4475389	1	16044	NC_016845.1_Klebsiella_pneumoniae_subsp._pneumoniae_HS11286_chromosome__complete_genome	NODE_59_length_16044_cov_17.446567	98.92		True
CONTIG	NODE_59_length_16044_cov_17.446567	16044	correct
3579552	3579704	14296	14144	NC_016845.1_Klebsiella_pneumoniae_subsp._pneumoniae_HS11286_chromosome__complete_genome	NODE_60_length_15263_cov_20.487777	98.69		True
CONTIG	NODE_60_length_15263_cov_20.487777	15263	correct_unaligned
39223	40203	9415	10395	NC_016839.1_Klebsiella_pneumoniae_subsp._pneumoniae_HS11286_plasmid_pKPHS3__complete_sequence	NODE_61_length_14915_cov_17.416554	100.0		True
unknown
41955	43329	12937	14311	NC_016839.1_Klebsiella_pneumoniae_subsp._pneumoniae_HS11286_plasmid_pKPHS3__complete_sequence	NODE_61_length_14915_cov_17.416554	99.93		True
unknown
CONTIG	NODE_61_length_14915_cov_17.416554	14915	mis_unaligned
83408	83639	7732	7963	NC_016839.1_Klebsiella_pneumoniae_subsp._pneumoniae_HS11286_plasmid_pKPHS3__complete_sequence	NODE_62_length_14279_cov_24.035331	96.55		True
CONTIG	NODE_62_length_14279_cov_24.035331	14279	correct_unaligned
10553	11909	4248	2892	NC_016846.1_Klebsiella_pneumoniae_subsp._pneumoniae_HS11286_plasmid_pKPHS2__complete_sequence	NODE_63_length_13897_cov_17.847567	100.0		True
CONTIG	NODE_63_length_13897_cov_17.847567	13897	correct_unaligned
30784	30910	127	1	NC_016838.1_Klebsiella_pneumoniae_subsp._pneumoniae_HS11286_plasmid_pKPHS1__complete_sequence	NODE_64_length_13318_cov_9.072095	100.0		True
CONTIG	NODE_64_length_13318_cov_9.072095	13318	correct_unaligned
4475409	4488716	1	13306	NC_016845.1_Klebsiella_pneumoniae_subsp._pneumoniae_HS11286_chromosome__complete_genome	NODE_65_length_13306_cov_16.524850	99.63		True
CONTIG	NODE_65_length_13306_cov_16.524850	13306	correct
222957	235745	12727	5	NC_016845.1_Klebsiella_pneumoniae_subsp._pneumoniae_HS11286_chromosome__complete_genome	NODE_66_length_12727_cov_20.495397	99.3		True
CONTIG	NODE_66_length_12727_cov_20.495397	12727	correct
350153	362672	1	12519	NC_016845.1_Klebsiella_pneumoniae_subsp._pneumoniae_HS11286_chromosome__complete_genome	NODE_67_length_12597_cov_14.873857	99.56		True
CONTIG	NODE_67_length_12597_cov_14.873857	12597	correct
106465	107002	11249	10713	NC_016846.1_Klebsiella_pneumoniae_subsp._pneumoniae_HS11286_plasmid_pKPHS2__complete_sequence	NODE_68_length_11561_cov_49.973500	95.54		True
CONTIG	NODE_68_length_11561_cov_49.973500	11561	correct_unaligned
CONTIG	NODE_69_length_10176_cov_14.141805	10176	unaligned
393261	393471	1	211	NC_016845.1_Klebsiella_pneumoniae_subsp._pneumoniae_HS11286_chromosome__complete_genome	NODE_70_length_10069_cov_17.659022	98.58		True
local misassembly
393388	403205	252	10069	NC_016845.1_Klebsiella_pneumoniae_subsp._pneumoniae_HS11286_chromosome__complete_genome	NODE_70_length_10069_cov_17.659022	99.85		True
CONTIG	NODE_70_length_10069_cov_17.659022	10069	correct
44024	44151	9949	9822	NC_016839.1_Klebsiella_pneumoniae_subsp._pneumoniae_HS11286_plasmid_pKPHS3__complete_sequence	NODE_71_length_9949_cov_53.718184	100.0		True
CONTIG	NODE_71_length_9949_cov_53.718184	9949	correct_unaligned
3560150	3561541	1536	145	NC_016845.1_Klebsiella_pneumoniae_subsp._pneumoniae_HS11286_chromosome__complete_genome	NODE_72_length_9783_cov_16.395298	95.83		True
relocation, inconsistency = -2966
3555139	3559887	9500	4765	NC_016845.1_Klebsiella_pneumoniae_subsp._pneumoniae_HS11286_chromosome__complete_genome	NODE_72_length_9783_cov_16.395298	97.05		True
CONTIG	NODE_72_length_9783_cov_16.395298	9783	misassembled
1073317	1079998	2513	9205	NC_016845.1_Klebsiella_pneumoniae_subsp._pneumoniae_HS11286_chromosome__complete_genome	NODE_73_length_9335_cov_15.611099	98.97		True
CONTIG	NODE_73_length_9335_cov_15.611099	9335	correct
4020144	4029411	1	9300	NC_016845.1_Klebsiella_pneumoniae_subsp._pneumoniae_HS11286_chromosome__complete_genome	NODE_74_length_9300_cov_18.082525	98.89		True
CONTIG	NODE_74_length_9300_cov_18.082525	9300	correct
5151775	5151901	8734	8860	NC_016845.1_Klebsiella_pneumoniae_subsp._pneumoniae_HS11286_chromosome__complete_genome	NODE_75_length_8860_cov_18.038246	100.0		True
CONTIG	NODE_75_length_8860_cov_18.038246	8860	correct_unaligned
2777218	2785783	8566	1	NC_016845.1_Klebsiella_pneumoniae_subsp._pneumoniae_HS11286_chromosome__complete_genome	NODE_76_length_8566_cov_17.332741	99.38		True
CONTIG	NODE_76_length_8566_cov_17.332741	8566	correct
594146	597390	3245	1	NC_016845.1_Klebsiella_pneumoniae_subsp._pneumoniae_HS11286_chromosome__complete_genome	NODE_77_length_8112_cov_11.097808	99.08		True
CONTIG	NODE_77_length_8112_cov_11.097808	8112	correct_unaligned
783406	791081	1	7685	NC_016845.1_Klebsiella_pneumoniae_subsp._pneumoniae_HS11286_chromosome__complete_genome	NODE_78_length_7685_cov_16.866631	99.09		True
CONTIG	NODE_78_length_7685_cov_16.866631	7685	correct
3248018	3248140	123	1	NC_016845.1_Klebsiella_pneumoniae_subsp._pneumoniae_HS11286_chromosome__complete_genome	NODE_79_length_7664_cov_11.556588	100.0		True
CONTIG	NODE_79_length_7664_cov_11.556588	7664	correct_unaligned
3035227	3042882	7657	1	NC_016845.1_Klebsiella_pneumoniae_subsp._pneumoniae_HS11286_chromosome__complete_genome	NODE_80_length_7657_cov_9.312483	99.93		True
CONTIG	NODE_80_length_7657_cov_9.312483	7657	correct
1315114	1315241	7464	7591	NC_016845.1_Klebsiella_pneumoniae_subsp._pneumoniae_HS11286_chromosome__complete_genome	NODE_81_length_7591_cov_24.116827	100.0		True
CONTIG	NODE_81_length_7591_cov_24.116827	7591	correct_unaligned
12940	18023	5084	1	NC_016846.1_Klebsiella_pneumoniae_subsp._pneumoniae_HS11286_plasmid_pKPHS2__complete_sequence	NODE_82_length_6973_cov_16.536518	100.0		True
relocation, inconsistency = 2683
9489	10256	5852	5085	NC_016846.1_Klebsiella_pneumoniae_subsp._pneumoniae_HS11286_plasmid_pKPHS2__complete_sequence	NODE_82_length_6973_cov_16.536518	100.0		True
CONTIG	NODE_82_length_6973_cov_16.536518	6973	misassembled
3549242	3554978	6693	959	NC_016845.1_Klebsiella_pneumoniae_subsp._pneumoniae_HS11286_chromosome__complete_genome	NODE_83_length_6693_cov_7.383186	96.81		True
CONTIG	NODE_83_length_6693_cov_7.383186	6693	correct
597604	603663	6060	1	NC_016845.1_Klebsiella_pneumoniae_subsp._pneumoniae_HS11286_chromosome__complete_genome	NODE_84_length_6060_cov_12.647564	98.86		True
CONTIG	NODE_84_length_6060_cov_12.647564	6060	correct
CONTIG	NODE_85_length_6044_cov_9.171033	6044	unaligned
2443255	2449176	5844	1	NC_016845.1_Klebsiella_pneumoniae_subsp._pneumoniae_HS11286_chromosome__complete_genome	NODE_86_length_5844_cov_16.347210	97.94		True
CONTIG	NODE_86_length_5844_cov_16.347210	5844	correct
3248018	3248141	5366	5489	NC_016845.1_Klebsiella_pneumoniae_subsp._pneumoniae_HS11286_chromosome__complete_genome	NODE_87_length_5489_cov_12.014174	99.19		True
CONTIG	NODE_87_length_5489_cov_12.014174	5489	correct_unaligned
CONTIG	NODE_88_length_5114_cov_5.122920	5114	unaligned
1081131	1085381	4251	1	NC_016845.1_Klebsiella_pneumoniae_subsp._pneumoniae_HS11286_chromosome__complete_genome	NODE_89_length_4827_cov_14.671489	98.71		True
CONTIG	NODE_89_length_4827_cov_14.671489	4827	correct
2065910	2067808	186	2083	NC_016845.1_Klebsiella_pneumoniae_subsp._pneumoniae_HS11286_chromosome__complete_genome	NODE_90_length_4816_cov_16.840691	99.21		True
translocation
32759	34416	3741	2084	NC_016838.1_Klebsiella_pneumoniae_subsp._pneumoniae_HS11286_plasmid_pKPHS1__complete_sequence	NODE_90_length_4816_cov_16.840691	99.94		True
CONTIG	NODE_90_length_4816_cov_16.840691	4816	misassembled
217733	222173	4442	1	NC_016845.1_Klebsiella_pneumoniae_subsp._pneumoniae_HS11286_chromosome__complete_genome	NODE_91_length_4508_cov_14.183976	99.23		True
CONTIG	NODE_91_length_4508_cov_14.183976	4508	correct
CONTIG	NODE_92_length_4133_cov_16.394159	4133	unaligned
2293841	2294092	252	1	NC_016845.1_Klebsiella_pneumoniae_subsp._pneumoniae_HS11286_chromosome__complete_genome	NODE_93_length_4126_cov_7.359340	100.0		True
translocation
37481	39318	3848	2012	NC_016846.1_Klebsiella_pneumoniae_subsp._pneumoniae_HS11286_plasmid_pKPHS2__complete_sequence	NODE_93_length_4126_cov_7.359340	95.54		True
CONTIG	NODE_93_length_4126_cov_7.359340	4126	misassembled
2809	3143	1744	1410	NC_016847.1_Klebsiella_pneumoniae_subsp._pneumoniae_HS11286_plasmid_pKPHS5__complete_sequence	NODE_94_length_3935_cov_19.577206	95.54		True
unknown
1072	1229	3935	3777	NC_016847.1_Klebsiella_pneumoniae_subsp._pneumoniae_HS11286_plasmid_pKPHS5__complete_sequence	NODE_94_length_3935_cov_19.577206	96.86		True
unknown
CONTIG	NODE_94_length_3935_cov_19.577206	3935	mis_unaligned
30627	30755	1	129	NC_016839.1_Klebsiella_pneumoniae_subsp._pneumoniae_HS11286_plasmid_pKPHS3__complete_sequence	NODE_95_length_3562_cov_23.296943	100.0		True
CONTIG	NODE_95_length_3562_cov_23.296943	3562	correct_unaligned
CONTIG	NODE_96_length_3334_cov_40.598690	3334	unaligned
780243	783532	3272	1	NC_016845.1_Klebsiella_pneumoniae_subsp._pneumoniae_HS11286_chromosome__complete_genome	NODE_97_length_3272_cov_38.573609	97.02		True
CONTIG	NODE_97_length_3272_cov_38.573609	3272	correct
3252280	3253030	2056	2806	NC_016845.1_Klebsiella_pneumoniae_subsp._pneumoniae_HS11286_chromosome__complete_genome	NODE_98_length_3032_cov_8.641652	98.14		True
unknown
3253032	3253183	2807	2958	NC_016845.1_Klebsiella_pneumoniae_subsp._pneumoniae_HS11286_chromosome__complete_genome	NODE_98_length_3032_cov_8.641652	98.68		True
unknown
CONTIG	NODE_98_length_3032_cov_8.641652	3032	mis_unaligned
18860	19119	260	1	NC_016846.1_Klebsiella_pneumoniae_subsp._pneumoniae_HS11286_plasmid_pKPHS2__complete_sequence	NODE_99_length_2973_cov_26.651441	99.23		True
unknown
40087	40202	258	373	NC_016839.1_Klebsiella_pneumoniae_subsp._pneumoniae_HS11286_plasmid_pKPHS3__complete_sequence	NODE_99_length_2973_cov_26.651441	100.0		True
unknown
43330	43456	2847	2973	NC_016839.1_Klebsiella_pneumoniae_subsp._pneumoniae_HS11286_plasmid_pKPHS3__complete_sequence	NODE_99_length_2973_cov_26.651441	100.0		True
unknown
CONTIG	NODE_99_length_2973_cov_26.651441	2973	mis_unaligned
CONTIG	NODE_100_length_2901_cov_6.545782	2901	unaligned
3546623	3549249	127	2753	NC_016845.1_Klebsiella_pneumoniae_subsp._pneumoniae_HS11286_chromosome__complete_genome	NODE_101_length_2753_cov_6.225057	99.05		True
CONTIG	NODE_101_length_2753_cov_6.225057	2753	correct
10257	10526	419	150	NC_016846.1_Klebsiella_pneumoniae_subsp._pneumoniae_HS11286_plasmid_pKPHS2__complete_sequence	NODE_102_length_2502_cov_8.608421	96.3		True
unknown
586953	587081	2502	2374	NC_016845.1_Klebsiella_pneumoniae_subsp._pneumoniae_HS11286_chromosome__complete_genome	NODE_102_length_2502_cov_8.608421	100.0		True
unknown
CONTIG	NODE_102_length_2502_cov_8.608421	2502	mis_unaligned
31715	31837	1	123	NC_016838.1_Klebsiella_pneumoniae_subsp._pneumoniae_HS11286_plasmid_pKPHS1__complete_sequence	NODE_103_length_2442_cov_5.109719	100.0		True
CONTIG	NODE_103_length_2442_cov_5.109719	2442	correct_unaligned
CONTIG	NODE_104_length_2278_cov_68.028359	2278	unaligned
CONTIG	NODE_105_length_2271_cov_2.655317	2271	unaligned
2293966	2296188	2223	1	NC_016845.1_Klebsiella_pneumoniae_subsp._pneumoniae_HS11286_chromosome__complete_genome	NODE_106_length_2223_cov_80.416985	99.64		True
CONTIG	NODE_106_length_2223_cov_80.416985	2223	correct
40429	40939	1703	2213	NC_016846.1_Klebsiella_pneumoniae_subsp._pneumoniae_HS11286_plasmid_pKPHS2__complete_sequence	NODE_107_length_2213_cov_57.517737	100.0		True
CONTIG	NODE_107_length_2213_cov_57.517737	2213	correct_unaligned
CONTIG	NODE_108_length_2141_cov_5.358987	2141	unaligned
259610	261713	2104	1	NC_016845.1_Klebsiella_pneumoniae_subsp._pneumoniae_HS11286_chromosome__complete_genome	NODE_109_length_2104_cov_154.399595	99.67		True
CONTIG	NODE_109_length_2104_cov_154.399595	2104	correct
1316045	1316168	1900	1777	NC_016845.1_Klebsiella_pneumoniae_subsp._pneumoniae_HS11286_chromosome__complete_genome	NODE_110_length_1900_cov_2.503666	100.0		True
CONTIG	NODE_110_length_1900_cov_2.503666	1900	correct_unaligned
4514424	4514548	1	125	NC_016845.1_Klebsiella_pneumoniae_subsp._pneumoniae_HS11286_chromosome__complete_genome	NODE_111_length_1885_cov_18.744027	100.0		True
unknown
4298208	4298335	1758	1885	NC_016845.1_Klebsiella_pneumoniae_subsp._pneumoniae_HS11286_chromosome__complete_genome	NODE_111_length_1885_cov_18.744027	100.0		True
unknown
CONTIG	NODE_111_length_1885_cov_18.744027	1885	mis_unaligned
CONTIG	NODE_112_length_1885_cov_2.277019	1885	unaligned
CONTIG	NODE_113_length_1873_cov_2.446735	1873	unaligned
43328	43456	129	1	NC_016839.1_Klebsiella_pneumoniae_subsp._pneumoniae_HS11286_plasmid_pKPHS3__complete_sequence	NODE_114_length_1860_cov_24.970571	100.0		True
CONTIG	NODE_114_length_1860_cov_24.970571	1860	correct_unaligned
27932	28060	129	1	NC_016839.1_Klebsiella_pneumoniae_subsp._pneumoniae_HS11286_plasmid_pKPHS3__complete_sequence	NODE_115_length_1837_cov_12.987719	100.0		True
CONTIG	NODE_115_length_1837_cov_12.987719	1837	correct_unaligned
3253951	3254461	207	717	NC_016845.1_Klebsiella_pneumoniae_subsp._pneumoniae_HS11286_chromosome__complete_genome	NODE_116_length_1811_cov_4.994062	96.28		True
unknown
3256086	3256246	1651	1811	NC_016845.1_Klebsiella_pneumoniae_subsp._pneumoniae_HS11286_chromosome__complete_genome	NODE_116_length_1811_cov_4.994062	96.27		True
unknown
CONTIG	NODE_116_length_1811_cov_4.994062	1811	mis_unaligned
2293841	2294092	1542	1793	NC_016845.1_Klebsiella_pneumoniae_subsp._pneumoniae_HS11286_chromosome__complete_genome	NODE_117_length_1793_cov_33.890756	96.83		True
CONTIG	NODE_117_length_1793_cov_33.890756	1793	correct_unaligned
CONTIG	NODE_118_length_1751_cov_1.386084	1751	unaligned
3256714	3257178	1	465	NC_016845.1_Klebsiella_pneumoniae_subsp._pneumoniae_HS11286_chromosome__complete_genome	NODE_119_length_1718_cov_6.420490	96.99		True
relocation, inconsistency = -3498
3254441	3254933	1226	1718	NC_016845.1_Klebsiella_pneumoniae_subsp._pneumoniae_HS11286_chromosome__complete_genome	NODE_119_length_1718_cov_6.420490	97.57		True
CONTIG	NODE_119_length_1718_cov_6.420490	1718	misassembled
586954	587080	1	127	NC_016845.1_Klebsiella_pneumoniae_subsp._pneumoniae_HS11286_chromosome__complete_genome	NODE_120_length_1700_cov_15.715830	100.0		True
unknown
586025	586151	1574	1700	NC_016845.1_Klebsiella_pneumoniae_subsp._pneumoniae_HS11286_chromosome__complete_genome	NODE_120_length_1700_cov_15.715830	96.06		True
unknown
CONTIG	NODE_120_length_1700_cov_15.715830	1700	mis_unaligned
2903869	2905508	1640	1	NC_016845.1_Klebsiella_pneumoniae_subsp._pneumoniae_HS11286_chromosome__complete_genome	NODE_121_length_1640_cov_14.200264	99.63		True
CONTIG	NODE_121_length_1640_cov_14.200264	1640	correct
100700	101431	1436	705	NC_016838.1_Klebsiella_pneumoniae_subsp._pneumoniae_HS11286_plasmid_pKPHS1__complete_sequence	NODE_122_length_1563_cov_34.499304	96.58		True
CONTIG	NODE_122_length_1563_cov_34.499304	1563	correct_unaligned
78180	79718	1539	1	NC_016846.1_Klebsiella_pneumoniae_subsp._pneumoniae_HS11286_plasmid_pKPHS2__complete_sequence	NODE_123_length_1539_cov_4.415014	100.0		True
CONTIG	NODE_123_length_1539_cov_4.415014	1539	correct
586025	586245	221	1	NC_016845.1_Klebsiella_pneumoniae_subsp._pneumoniae_HS11286_chromosome__complete_genome	NODE_124_length_1528_cov_14.489650	95.48		True
CONTIG	NODE_124_length_1528_cov_14.489650	1528	correct_unaligned
40429	40555	127	1	NC_016846.1_Klebsiella_pneumoniae_subsp._pneumoniae_HS11286_plasmid_pKPHS2__complete_sequence	NODE_125_length_1456_cov_8.583145	100.0		True
CONTIG	NODE_125_length_1456_cov_8.583145	1456	correct_unaligned
1518186	1519630	1445	1	NC_016845.1_Klebsiella_pneumoniae_subsp._pneumoniae_HS11286_chromosome__complete_genome	NODE_126_length_1445_cov_28.657815	99.65		True
CONTIG	NODE_126_length_1445_cov_28.657815	1445	correct
CONTIG	NODE_127_length_1339_cov_55.506601	1339	unaligned
84336	84462	1	127	NC_016839.1_Klebsiella_pneumoniae_subsp._pneumoniae_HS11286_plasmid_pKPHS3__complete_sequence	NODE_128_length_1321_cov_7.902848	100.0		True
CONTIG	NODE_128_length_1321_cov_7.902848	1321	correct_unaligned
3255052	3256246	1	1195	NC_016845.1_Klebsiella_pneumoniae_subsp._pneumoniae_HS11286_chromosome__complete_genome	NODE_129_length_1195_cov_5.187266	99.58		True
CONTIG	NODE_129_length_1195_cov_5.187266	1195	correct
CONTIG	NODE_130_length_1192_cov_2.291080	1192	unaligned
CONTIG	NODE_131_length_1046_cov_2.023939	1046	unaligned
28754	29504	751	1	NC_016839.1_Klebsiella_pneumoniae_subsp._pneumoniae_HS11286_plasmid_pKPHS3__complete_sequence	NODE_132_length_1002_cov_14.038857	99.73		True
translocation
2682212	2682340	1002	874	NC_016845.1_Klebsiella_pneumoniae_subsp._pneumoniae_HS11286_chromosome__complete_genome	NODE_132_length_1002_cov_14.038857	100.0		True
CONTIG	NODE_132_length_1002_cov_14.038857	1002	misassembled
CONTIG	NODE_133_length_944_cov_1.913097	944	unaligned
CONTIG	NODE_134_length_938_cov_186.852035	938	unaligned
1315115	1315240	126	1	NC_016845.1_Klebsiella_pneumoniae_subsp._pneumoniae_HS11286_chromosome__complete_genome	NODE_135_length_907_cov_12.174359	100.0		True
CONTIG	NODE_135_length_907_cov_12.174359	907	correct_unaligned
CONTIG	NODE_136_length_907_cov_3.797436	907	unaligned
11771	12500	1	730	NC_016846.1_Klebsiella_pneumoniae_subsp._pneumoniae_HS11286_plasmid_pKPHS2__complete_sequence	NODE_137_length_856_cov_59.791495	99.45		True
CONTIG	NODE_137_length_856_cov_59.791495	856	correct
212967	213754	788	1	NC_016845.1_Klebsiella_pneumoniae_subsp._pneumoniae_HS11286_chromosome__complete_genome	NODE_138_length_788_cov_161.700454	100.0		True
CONTIG	NODE_138_length_788_cov_161.700454	788	correct
CONTIG	NODE_139_length_781_cov_1.195719	781	unaligned
41951	42730	1	780	NC_016846.1_Klebsiella_pneumoniae_subsp._pneumoniae_HS11286_plasmid_pKPHS2__complete_sequence	NODE_140_length_780_cov_27.350689	99.87		True
CONTIG	NODE_140_length_780_cov_27.350689	780	correct
1003545	1004309	767	1	NC_016845.1_Klebsiella_pneumoniae_subsp._pneumoniae_HS11286_chromosome__complete_genome	NODE_141_length_767_cov_52.834375	98.96		True
CONTIG	NODE_141_length_767_cov_52.834375	767	correct
CONTIG	NODE_142_length_762_cov_2.231496	762	unaligned
3249233	3249966	734	1	NC_016845.1_Klebsiella_pneumoniae_subsp._pneumoniae_HS11286_chromosome__complete_genome	NODE_143_length_734_cov_4.255354	100.0		True
CONTIG	NODE_143_length_734_cov_4.255354	734	correct
3256120	3256840	1	721	NC_016845.1_Klebsiella_pneumoniae_subsp._pneumoniae_HS11286_chromosome__complete_genome	NODE_144_length_721_cov_27.984848	97.78		True
CONTIG	NODE_144_length_721_cov_27.984848	721	correct
259056	259736	1	689	NC_016845.1_Klebsiella_pneumoniae_subsp._pneumoniae_HS11286_chromosome__complete_genome	NODE_145_length_689_cov_39.233096	97.83		True
CONTIG	NODE_145_length_689_cov_39.233096	689	correct
CONTIG	NODE_146_length_647_cov_1.630769	647	unaligned
4841823	4842429	607	1	NC_016845.1_Klebsiella_pneumoniae_subsp._pneumoniae_HS11286_chromosome__complete_genome	NODE_147_length_607_cov_178.579167	99.84		True
CONTIG	NODE_147_length_607_cov_178.579167	607	correct
3247486	3248014	1	529	NC_016845.1_Klebsiella_pneumoniae_subsp._pneumoniae_HS11286_chromosome__complete_genome	NODE_148_length_601_cov_2.913502	99.81		True
relocation, inconsistency = 1066
3249081	3249152	530	601	NC_016845.1_Klebsiella_pneumoniae_subsp._pneumoniae_HS11286_chromosome__complete_genome	NODE_148_length_601_cov_2.913502	100.0		True
CONTIG	NODE_148_length_601_cov_2.913502	601	misassembled
29378	29972	595	1	NC_016839.1_Klebsiella_pneumoniae_subsp._pneumoniae_HS11286_plasmid_pKPHS3__complete_sequence	NODE_149_length_595_cov_8.547009	99.66		True
CONTIG	NODE_149_length_595_cov_8.547009	595	correct
CONTIG	NODE_150_length_591_cov_1.711207	591	unaligned
CONTIG	NODE_151_length_517_cov_0.579487	517	unaligned
